<?xml version="1.0" encoding="UTF-8"?>
<beans xmlns="http://www.springframework.org/schema/beans"
	xmlns:xsi="http://www.w3.org/2001/XMLSchema-instance"
	xsi:schemaLocation="http://www.springframework.org/schema/beans
						http://www.springframework.org/schema/beans/spring-beans-4.0.xsd">

	<bean id="verwaltung"
		class="sk.train.ma.strategy.verwaltung.MitarbeiterVerwaltung" />

	<!-- Das Tablemodel erwartet eine Liste, die von der Mitarbeiterverwaltung gezogen wird -->
	<!-- Das wird ein wenig umständlich in XML-Konfig -->

	<!-- Schritt1: Erzeuge Comparator.naturalOrder -->
	<bean id="compnatural" class="java.util.Comparator"
		factory-method="naturalOrder" />
	
	<!-- 	Schritt2: Erzeuge Liste, indem die Verwaltungsbohne als Factory betrachtet wird  -->
	<bean id="maliste" factory-bean="verwaltung"
		factory-method="getMlist">
		<constructor-arg ref="compnatural" />
	</bean>

	<!-- 	Schritt3: Erzeuge Tablemodel  -->
	<bean id="tablemodel"
		class="sk.train.ma.strategy.gui.TableModelMAListe">
		<constructor-arg ref="maliste" />
	</bean>


	<!-- 	Alternative -->
	<!-- Das Tablemodel erwartet eine Liste, die von der Mitarbeiterverwaltung 
		gezogen wird. Das können wir via Expression Language realisieren -->
	<bean id="tablemodel2" class="sk.train.ma.strategy.gui.TableModelMAListe">
		<constructor-arg value="#{verwaltung.getMlist(@compnatural)}" />
	</bean>

</beans>

