<?xml version="1.0" encoding="UTF-8"?>

<beans xmlns="http://www.springframework.org/schema/beans"
	xmlns:xsi="http://www.w3.org/2001/XMLSchema-instance"
	xsi:schemaLocation="http://www.springframework.org/schema/beans
						http://www.springframework.org/schema/beans/spring-beans-4.0.xsd">
	<bean id="sumService" class="beans.SumServiceImpl">
		<property name="listener" ref="mathService" />
	</bean>
	<bean id="diffService" class="beans.DiffServiceImpl">
		<property name="listener" ref="mathService" />
	</bean>

	<bean id="mathService" class="beans.MathServiceImpl">
		<property name="sumService" ref="sumService" />
		<property name="diffService" ref="diffService" />
	</bean>

</beans>

